,id,name,artists,year,release_date,popularity,duration_ms,acousticness,danceability,energy,valence,tempo,mode,key,playcount,listeners,period_5yr,similarity_to_first5,similarity_to_cumulative,similarity_to_period
0,0Om9WAB5RS09L80DyOfTNa,Tim McGraw,Taylor Swift,2006,10/24/06,60,232107,0.5920902593008056,0.47603305785123967,0.4483173076923077,0.42103498379345033,0.05379942709907727,1,0,5517746,555058,2005,0.7222831611592665,1.0,0.7589544102195259
1,1spLfUJxtyVyiKKTegQ2r4,A Perfectly Good Heart,Taylor Swift,2006,10/24/06,44,220147,0.0033920373134405228,0.315702479338843,0.7608173076923077,0.2455571700011177,0.630176620460336,1,4,2204951,266183,2005,0.789258327980646,0.5918503036537837,0.8179247847801161
2,1nuk1yTZO3zR8XB8Ofk9q3,Picture To Burn,Taylor Swift,2006,10/24/06,57,175280,0.20787224596545337,0.6115702479338844,0.8966346153846154,0.8301106516150666,0.266823566668106,1,7,8831160,715060,2005,0.8424355113090721,0.7198637086386177,0.7551520300249099
3,16MVSD0mGI4RMQT83Qzm69,Should've Said No,Taylor Swift,2006,10/24/06,58,242200,0.010406848763343336,0.3041322314049587,0.7920673076923078,0.4735665586230021,0.7156223460148838,0,4,6402329,567309,2005,0.8111971323057757,0.7716401357093126,0.7939153272324457
4,32mVHdy0bi1XKgr0ajsBlG,Picture To Burn,Taylor Swift,2006,10/24/06,61,173067,0.17800006798495677,0.6049586776859505,0.9122596153846154,0.8636414440594613,0.26667242446488454,1,7,8831160,715060,2005,0.8292373968244084,0.7865467460305106,0.7402341924025666
5,2QrQCMel6v2JiLxqrg4p2O,Mary's Song (Oh My My My),Taylor Swift,2006,10/24/06,50,213080,0.018029404523883838,0.18347107438016536,0.6117788461538461,0.36403263663797925,0.04581767931942825,1,2,3857282,358372,2005,0.7590904922226668,0.7590904922226668,0.7902256467111906
6,0T2kNwYw4Z7rhziNRNsjfO,Should've Said No,Taylor Swift,2006,10/24/06,52,244080,0.009922713465038738,0.30578512396694213,0.7692307692307693,0.5383927573488321,0.7154136258294828,0,4,6402329,567309,2005,0.816139871396796,0.8066204986273645,0.7905360453342517
7,7zMcNqs55Mxer82bvZFkpg,Teardrops On My Guitar - Radio Single Remix,Taylor Swift,2006,10/24/06,62,203040,0.29645870480416725,0.543801652892562,0.359375,0.269028724712194,0.22613032776266354,1,10,4245409,438959,2005,0.758018906853952,0.7613681556226563,0.8433595543966508
8,5OOd01o2YS1QFwdpVLds3r,Invisible,Taylor Swift,2006,10/24/06,46,203227,0.6559549156729018,0.5289256198347108,0.3317307692307693,0.2064379121493238,0.19768680456593396,1,7,2735458,302850,2005,0.6639920430097966,0.6839436559877912,0.7296100465548386
9,7an1exwMnfYRcdVQm0yDev,Cold As You,Taylor Swift,2006,10/24/06,48,239013,0.2233233725070895,0.20826446280991737,0.4375,0.23773331843075893,0.7702782455988828,1,5,3896539,392477,2005,0.7080996260482999,0.7435922012702878,0.7626271377442432
10,6K0CJLVXqbGMeJSmJ4ENKK,Tied Together with a Smile,Taylor Swift,2006,10/24/06,47,248107,0.5405865041620185,0.3090909090909091,0.5528846153846154,0.16061249580865095,0.5587295418232067,1,2,3021891,336295,2005,0.7246872933589579,0.786051736081862,0.7830542717588718
11,2ZoOmCSgj0ypVAmGd1ve4y,Stay Beautiful,Taylor Swift,2006,10/24/06,49,236053,0.08920759412568771,0.4991735537190083,0.6141826923076924,0.5093327372303565,0.45388003627412876,1,8,3070926,352041,2005,0.9073294302686231,0.9039316991661481,0.9190523303201215
12,0JIdBrXGSJXS72zjF9ss9u,I'm Only Me When I'm With You,Taylor Swift,2006,10/24/06,50,213053,0.0044530146692995385,0.4479338842975206,0.9807692307692308,0.5249804403710742,0.5428883994760403,1,8,3782044,374390,2005,0.8504489317874266,0.7950144544190604,0.7943724595519861
13,7snx7w5WZLHovS0xC45ZfP,Teardrops On My Guitar - Radio Single Remix,Taylor Swift,2006,10/24/06,60,204707,0.3407519342235243,0.5520661157024794,0.3870192307692308,0.23549793226779928,0.22619510299261558,1,10,4245409,438959,2005,0.7532558099585067,0.8094372930086444,0.838478905352736
14,43H3q2NWT9LCuYS1B5IUvV,Our Song,Taylor Swift,2006,10/24/06,62,203440,0.11619556181841219,0.6198347107438018,0.6502403846153847,0.5886889460154241,0.14822012062587261,1,2,10601165,907409,2005,0.8576491475114999,0.8288308855745568,0.8445749937502305
15,15DeqWWQB4dcEWzJg15VrN,Our Song,Taylor Swift,2006,10/24/06,66,201107,0.1141354116128607,0.6214876033057852,0.6658653846153847,0.5484519950821505,0.14737804263649573,1,2,10601165,907409,2005,0.8591498349157246,0.845874351442185,0.8523906325682505
16,2QA3IixpRcKyOdG7XDzRgv,The Outside,Taylor Swift,2006,10/24/06,46,207107,0.004854743959382079,0.4909090909090909,0.825721153846154,0.6065720353191014,0.3199032689899382,1,5,3040249,340016,2005,0.9016722895157065,0.8501169805990852,0.8403391921772192
17,4pJi1rVt9GNegU9kywjg4z,Teardrops on My Guitar - Pop Version,Taylor Swift,2006,10/24/06,48,179067,0.04120609433633806,0.2760330578512397,0.7632211538461539,0.48586118251928023,0.946171783909833,1,10,1249316,181910,2005,0.7246434136368768,0.7163622544227097,0.7117556708862841
18,7DQmwd7zye9xvzMQJnD8S8,Tim McGraw,Taylor Swift,2006,10/24/06,55,234547,0.6188722119729749,0.4661157024793388,0.45793269230769235,0.4456242315860065,0.053734651869125204,1,0,5517746,555058,2005,0.7189982204565686,0.7381904288871363,0.7505627789837985
19,73OX8GdpOeGzKC6OvGSbsv,A Place in this World,Taylor Swift,2006,10/24/06,49,199200,0.052330905446316085,0.46942148760330576,0.7920673076923078,0.4243880630378898,0.33462883793237463,1,9,3501695,394162,2005,0.9048660217222857,0.897777575635635,0.8979229608783824
20,1vrd6UOGamcKNGnSHJQlSt,Love Story,Taylor Swift,2008,11/11/08,68,235267,0.17490984267662957,0.5388429752066116,0.748798076923077,0.2768525762825528,0.36310115012019395,1,2,14273361,1483138,2005,0.8649681517422307,0.8999957615342703,0.9160058012331227
21,3GCL1PydwsLodcpv0Ll1ch,You Belong With Me,Taylor Swift,2008,11/11/08,68,231133,0.1666692418544236,0.6528925619834712,0.7992788461538463,0.4411534592600872,0.4421269306617149,1,6,13602576,1415858,2005,0.8927498204874025,0.8827894114309658,0.8780971835502844
22,6S9G7J3EB1ZY0rrZPwsBg5,Breathe,Taylor Swift,2008,11/11/08,52,263987,0.38401508854010546,0.3404958677685951,0.44230769230769235,0.1360232480160948,0.5715910235925781,1,1,2534840,354266,2005,0.7274806260852724,0.7889274954871273,0.8061570457875107
23,4XrP7vKBjKLEYlRZdb0Ygr,Tell Me Why,Taylor Swift,2008,11/11/08,44,200560,0.06221962643296323,0.5107438016528926,0.8822115384615384,0.5193919749636751,0.22657655712455552,1,7,2398205,335981,2005,0.8876014895827588,0.8489634290261296,0.8416227192097738
24,47HtKpfzpAt8rQjjXWotFj,Forever & Always,Taylor Swift,2008,11/11/08,52,225320,0.07725872293348908,0.5223140495867769,0.844951923076923,0.5540404604895497,0.4282938204430625,1,10,,,2005,0.9264869693681017,0.8804338332582732,0.8614794499670848
25,4pl5zcqCv4vc3cB7M4MZ6f,Come In With The Rain,Taylor Swift,2008,11/11/08,46,238107,0.08920759412568771,0.3884297520661158,0.42908653846153844,0.19637867441600537,0.5428740049804953,1,2,1147363,175455,2005,0.7592285347787184,0.823121130307713,0.8439631905437751
26,4t0OI7XrODjSkAu3bTPmWj,Fifteen,Taylor Swift,2008,11/11/08,59,294333,0.06881210709072799,0.4363636363636365,0.6406250000000001,0.17290711970492903,0.1939730247153488,1,7,3854978,534096,2005,0.7881277641247781,0.8447889216618829,0.8598889544637993
27,6wn61Fzx9XMxQmieLpoIhW,White Horse,Taylor Swift,2008,11/11/08,58,234427,0.3139699815513549,0.4727272727272727,0.26682692307692313,0.19526098133452555,0.17394308416461537,1,0,4246676,517984,2005,0.7026964944210723,0.7704456071186745,0.7904799465544793
28,6Eu31gddWw0gOGO506pJYA,Fearless,Taylor Swift,2008,11/11/08,58,241987,0.041000079315782915,0.4991735537190083,0.7139423076923077,0.4780373309489214,0.22626707547034006,1,5,4752624,573447,2005,0.8886393966091902,0.8923461868091218,0.887817531358953
29,0kN3oXYWWAk1uC0y2WoyOE,Love Story,Taylor Swift,2008,11/11/08,54,235280,0.16151886634054488,0.5388429752066116,0.7427884615384616,0.2891472001788309,0.3630867556246491,1,2,14273361,1483138,2005,0.8694681178967947,0.9199135333902835,0.9201689239184836
30,1D4PL9B8gOg78jiHg3FvBb,Love Story,Taylor Swift,2008,11/11/08,76,236267,0.13473691366837556,0.5371900826446281,0.748798076923077,0.2880295070973511,0.36310115012019395,1,2,14273361,1483138,2005,0.8672901387469812,0.9184171265243561,0.9152308864894942
31,3as6Wz3mwbTnusWhZjTUNr,You Belong With Me,Taylor Swift,2008,11/11/08,56,231147,0.16872939205997511,0.6528925619834712,0.7848557692307693,0.44338884542304685,0.4421269306617149,1,6,13602576,1415858,2005,0.8942046563046805,0.8894737345168519,0.8820846932542115
32,08gavXombT6KR0af88i9tA,Jump Then Fall,Taylor Swift,2008,11/11/08,47,237067,0.1141354116128607,0.5388429752066116,0.6838942307692308,0.8625237509779814,0.08245886772898038,1,2,1572360,213714,2005,0.8004987206135079,0.7530341210573203,0.7461669631130874
33,1zxrcAk6eiytfavqriMcKT,Forever & Always,Taylor Swift,2008,11/11/08,47,225333,0.0932248870265131,0.5173553719008265,0.8545673076923077,0.5205096680451549,0.42807790300988896,1,10,,,2005,0.9272149860224537,0.8875232721444013,0.8684932139810491
34,1yACRKAwlXWhXXFUSkvzhD,Change,Taylor Swift,2008,11/11/08,46,280240,0.003999781624078212,0.4115702479338844,0.7836538461538463,0.18631943668268694,0.1977731715392034,1,5,2146140,304046,2005,0.7896444553278383,0.8367493265112806,0.832981382784298
35,6HWYtS215rxaaMjvpyG18W,You're Not Sorry,Taylor Swift,2008,11/11/08,46,261800,0.1337068385655998,0.2760330578512397,0.4098557692307693,0.26008718006035547,0.4713045731312345,1,6,2979224,370685,2005,0.7701331547078563,0.8317729178764519,0.8503787879090412
36,4WXzzCof26KJLTK5kK53dS,Hey Stephen,Taylor Swift,2008,11/11/08,52,254307,0.1996316451432474,0.9074380165289255,0.5120192307692308,0.8748183748742595,0.34158137928056304,1,6,3030924,390631,2005,0.7326408608386874,0.7047778690279023,0.7027830432459274
37,6wcFdMmiDscAhZJrcVFumx,Hey Stephen,Taylor Swift,2008,11/11/08,46,254320,0.1728496924710781,0.9107438016528925,0.5228365384615385,0.8681122163853806,0.34160297102388043,1,6,3030924,390631,2005,0.7348110088313856,0.7151018893256071,0.7045435343705586
38,2IZ00ed83ygPIiacYScWUE,Untouchable,Taylor Swift,2008,11/11/08,46,311040,0.059850453696579015,0.20991735537190084,0.4038461538461539,0.26791103163071417,0.9463157288652819,1,5,1461435,186501,2005,0.6496165568702903,0.6776347468422246,0.6919629115531118
39,5P4wWhUYWM0IaVYLuZxdar,The Way I Loved You,Taylor Swift,2008,11/11/08,51,244227,0.04182413939800351,0.23305785123966946,0.6995192307692307,0.39085727059349507,0.6649753134401404,1,5,3152719,420600,2005,0.8053344383249006,0.8187608672244604,0.8165855988555466
40,77VotUUL79U10TAnYdqwvr,The Way I Loved You,Taylor Swift,2008,11/11/08,46,244240,0.03296549351413211,0.23801652892561986,0.7139423076923077,0.36962110204537835,0.6646802262814698,1,5,3152719,420600,2005,0.8018897609681717,0.8212526143163361,0.8147889795593753
41,0RdcBnAXyH2YZZvcBVu2k6,Change,Taylor Swift,2008,11/11/08,43,281053,0.00464872893882693,0.4231404958677687,0.7668269230769231,0.19637867441600537,0.19795310273351463,1,5,2146140,304046,2005,0.7941431339733012,0.8365578509028001,0.8394514777367369
42,5YbZZ2gYfvW1UvHHF4pVaD,The Best Day,Taylor Swift,2008,11/11/08,44,245347,0.6291729630007323,0.6148760330578513,0.39543269230769235,0.35285570582318093,0.41416562306573956,1,1,2202933,323344,2005,0.7208082218340557,0.7503357633792542,0.7700490631491811
43,3esA216TyLHEkNiBCeCmcg,The Best Day,Taylor Swift,2008,11/11/08,50,245333,0.6662556667006592,0.6181818181818183,0.37980769230769235,0.3886218844305354,0.41420160930460187,1,1,2202933,323344,2005,0.7095643334988908,0.7400133568280463,0.753160405196753
44,0HmCuN0Z3OX1Qrz43FLOPL,You're Not Sorry,Taylor Swift,2008,11/11/08,51,261787,0.1501880402100117,0.30247933884297523,0.4014423076923077,0.2544987146529563,0.4708799355126599,1,6,2979224,370685,2005,0.7708466060328432,0.8439454866543017,0.8544597727882588
45,49mWEy5MgtNujgT7xU3emT,Breathe,Taylor Swift,2008,11/11/08,49,263973,0.3901955391567599,0.35206611570247937,0.4375,0.15167095115681234,0.039160225129910235,1,1,2534840,354266,2005,0.7008838104401094,0.7593075168867343,0.7742371691929217
46,3F6czr26ZwGU5O5CHY04Ma,Fearless,Taylor Swift,2008,11/11/08,48,242000,0.03729180894579024,0.5057851239669422,0.7163461538461539,0.467978093215603,0.22631745620474725,1,5,4752624,573447,2005,0.885666549459624,0.8909678143155236,0.8874004019815749
47,4jPtq9shRdUv8Zjr0a5xkD,White Horse,Taylor Swift,2008,11/11/08,48,234440,0.31087975624302766,0.484297520661157,0.2740384615384615,0.16396557505309042,0.172949863972017,1,0,4246676,517984,2005,0.6969556653056863,0.7766899069026292,0.7865882951846502
48,3M0w3fhdXByHLCNAoi5c9G,Fifteen,Taylor Swift,2008,11/11/08,48,294347,0.0747865426868273,0.4413223140495869,0.6225961538461539,0.1852017436012071,0.1939730247153488,1,7,3854978,534096,2005,0.791255683554722,0.8616218290279034,0.8652134767745433
49,3rnI1UCyGJvUTVvT97VQr5,Tell Me Why,Taylor Swift,2008,11/11/08,48,200547,0.058614363573248125,0.515702479338843,0.8858173076923077,0.5160388957192356,0.22618070849707061,1,7,2398205,335981,2005,0.8851081899651345,0.8448256950062293,0.8399772596661698
50,14Bljc3pOOG0xQX3wqhLN9,SuperStar,Taylor Swift,2008,11/11/08,44,261453,0.377834637923451,0.5256198347107438,0.49639423076923084,0.20084944674192468,0.12555598739042184,1,2,975391,149335,2005,0.7514772205581645,0.8209884025871587,0.8261993253575038
51,46HGgtwmmuEB8mvDCyjyAc,Forever & Always - Piano Version,Taylor Swift,2008,11/11/08,48,267507,0.8774210627696866,0.49586776859504134,0.050480769230769246,0.2746171901195931,0.36270530149270913,1,9,,,2005,0.5407683820186879,0.5932566490233584,0.5985097548804028
52,0xvsgzM8AtBtRHZm5rav8A,The Other Side Of The Door,Taylor Swift,2008,11/11/08,44,237600,0.17387976757385382,0.3041322314049587,0.8389423076923077,0.4702134793785626,0.6859912769356997,1,4,1157944,165075,2005,0.8384207841890762,0.8069585284122028,0.8121646290634681
53,1GEBsLDvJGw7kviySRI6GX,You Belong With Me,Taylor Swift,2008,11/11/08,70,232120,0.1831504434988355,0.6528925619834712,0.7536057692307693,0.4322119146082486,0.44214132515725985,1,6,13602576,1415858,2005,0.8925281695402628,0.8916981506873435,0.8915983285924015
54,5vyxXfD5gLlyPxGZMEjtmd,Crazier,Taylor Swift,2009,1/1/09,59,191947,0.06479481418990259,0.26446280991735543,0.5120192307692308,0.12261093103833687,0.46428005930532157,1,4,3586202,332290,2005,0.7458868413906814,0.821881575286545,0.8263544370431112
55,1MaqkdFNIKPdpQGDzme5ss,Two Is Better Than One (feat. Taylor Swift),Taylor Swift,2009,9/7/09,65,242840,0.19448126962936868,0.37851239669421494,0.7019230769230769,0.22543869453448084,0.42781880209008066,1,0,545,58,2005,0.8394448529338263,0.9039189435373879,0.905634676688506
56,1EQn3Uc5AyUXoiPLeyCrrg,Ours,Taylor Swift,2010,10/25/10,54,237920,0.5529474053953274,0.5223140495867769,0.5420673076923077,0.2120263775567229,0.6571878913503475,1,0,3384873,345349,2010,0.7254982719553049,0.7766829254018959,0.7585048903487412
57,19tHCfzUSoy5HkpxcmbA0A,The Story Of Us,Taylor Swift,2010,10/25/10,52,265667,0.004720834196021232,0.41487603305785137,0.8413461538461539,0.7093997988152454,0.5136243900332512,1,4,7653552,592696,2010,0.8715304178872796,0.7946441917520178,0.8266796256132536
58,1By2VQkUN0Frd8mKNV5NYC,Better Than Revenge,Taylor Swift,2010,10/25/10,52,217160,0.014115119133336011,0.3702479338842976,0.9603365384615385,0.6557505309042138,0.5562536885894833,0,11,9758481,693184,2010,0.8460707549140907,0.7744409643426969,0.7971226910390504
59,7DjCRhhFo9PPzca1BjMLcf,Long Live,Taylor Swift,2010,10/25/10,52,317453,0.03687977890467994,0.20826446280991737,0.6754807692307693,0.10472784173465964,0.9758460364756517,1,7,5758394,484454,2010,0.6369930245794608,0.6747395613869942,0.663039770584561
60,1D27z8xNzjW0Mwwt1NCWhJ,Last Kiss,Taylor Swift,2010,10/25/10,51,367133,0.5869398837869269,0.13057851239669424,0.2680288461538462,0.16508326813457025,0.14757236832635193,1,10,6045914,485632,2010,0.6195554680138993,0.6811261627441292,0.6500694904392238
61,14LtANuaslKWyYbktUrHBU,Enchanted,Taylor Swift,2010,10/25/10,52,352187,0.07591962529988061,0.26942148760330586,0.6069711538461539,0.17849558511232816,0.6863223503332325,1,8,16190767,984205,2010,0.7482502689641435,0.8090146204579125,0.7863527257213956
62,1nYWTzy5zu3zEPNgB1sItW,Speak Now,Taylor Swift,2010,10/25/10,52,240760,0.0976542099684488,0.6892561983471074,0.578125,0.7675198390521963,0.3630363748902419,1,7,6906568,569506,2010,0.8349323257817982,0.7927283895229484,0.8328549722385237
63,3RBluWmSoG2pGA1OePzGJI,The Story Of Us,Taylor Swift,2010,10/25/10,56,265667,0.004720834196021232,0.41487603305785137,0.8413461538461539,0.7093997988152454,0.5136243900332512,1,4,7653552,592696,2010,0.8715304178872796,0.8002167279873091,0.8266796256132536
64,6d9IiDcFxtFVIvt9pCqyGH,Sparks Fly,Taylor Swift,2010,10/25/10,52,260933,0.04058804927467262,0.5173553719008265,0.8040865384615385,0.36403263663797925,0.33433375077370403,1,5,7939365,614257,2010,0.8787467955729773,0.8873762783137332,0.8982162464811948
65,4N60XfcTE1ysLZGbYgnYXq,Mean,Taylor Swift,2010,10/25/10,53,237733,0.4653910216593892,0.45619834710743795,0.7728365384615385,0.827875265452107,0.686905327402801,1,4,6643290,681785,2010,0.7856135688001902,0.7296064384235693,0.7414554104838686
66,74WBGgUnpKrJXt6TETfR6Z,Never Grow Up,Taylor Swift,2010,10/25/10,53,290467,0.843428584378087,0.6975206611570248,0.2247596153846154,0.5652173913043479,0.4057520404197434,1,2,3382574,413706,2010,0.610029676223731,0.6335768010569921,0.6287418484533496
67,1ubvV5ECkm6nSI6g1HmbBK,Dear John,Taylor Swift,2010,10/25/10,53,403920,0.1707895422655266,0.4909090909090909,0.4230769230769231,0.06002011847546663,0.36599444372471956,1,4,6443675,532235,2010,0.7266200521150916,0.8184332825836279,0.796178383029031
68,6IH2Z54gYPLqgJtxZjX80i,Back To December - Acoustic Version,Taylor Swift,2010,10/25/10,54,292560,0.7702932520810093,0.4115702479338844,0.40264423076923084,0.3673857158824187,0.5270040736422392,1,2,191152,45823,2010,0.6780293385542149,0.7211651218942694,0.695513634819664
69,1q8E1FfFuhd12c5JcJwPxQ,Sparks Fly,Taylor Swift,2010,10/25/10,55,260933,0.04058804927467262,0.5173553719008265,0.8040865384615385,0.36403263663797925,0.33433375077370403,1,5,7939365,614257,2010,0.8787467955729773,0.8794860148818385,0.8982162464811948
70,7lxADouiWFkwR7ZV2GKUcH,Back To December,Taylor Swift,2010,10/25/10,55,293027,0.12031586222951517,0.39173553719008275,0.6634615384615385,0.2656756454677545,0.5279828993392925,1,2,10432539,822246,2010,0.8378538255569652,0.9013091381879086,0.8820015239345456
71,6LZaxlycSWrJZ4Volb25qx,Mine,Taylor Swift,2010,10/25/10,54,230707,0.0025267742271088984,0.5487603305785125,0.7680288461538463,0.6814574717782498,0.3781146089735284,1,7,7905352,712738,2010,0.8913253408523906,0.8254978582726908,0.863456820147192
72,24DefNCFiWTP8OjYWiXuYe,Speak Now,Taylor Swift,2010,10/25/10,50,240760,0.0976542099684488,0.6892561983471074,0.578125,0.7675198390521963,0.3630363748902419,1,7,6906568,569506,2010,0.8349323257817982,0.7992390687846745,0.8328549722385237
73,10eBRyImhfqVvkiVEGf0N0,Enchanted,Taylor Swift,2010,10/25/10,58,352187,0.07591962529988061,0.26942148760330586,0.6069711538461539,0.17849558511232816,0.6863223503332325,1,8,16190767,984205,2010,0.7482502689641435,0.8061430103566745,0.7863527257213956
74,0vvt4IZOMkRug195S4MUq0,If This Was A Movie,Taylor Swift,2010,10/25/10,50,234547,0.1707895422655266,0.3619834710743802,0.7223557692307693,0.269028724712194,0.5708712988153329,1,4,2620360,272868,2010,0.8356598777284436,0.8851490527820789,0.8634704565784947
75,11UaQaEp2LvdspTyyuE3ur,Haunted,Taylor Swift,2010,10/25/10,49,242080,0.08488127869402959,0.23801652892561986,1.0,0.339443388845423,0.673331318103957,1,5,6634459,497698,2010,0.7747086278113883,0.7645721450999022,0.7569505137934023
76,5GPwN5iZ9ZMSXAkppj4Uvv,Innocent,Taylor Swift,2010,10/25/10,43,302253,0.19139104432104145,0.4297520661157026,0.5889423076923077,0.1360232480160948,0.4715348850599531,0,1,3505439,381127,2010,0.7884159151864429,0.8760710502649302,0.8460794703359997
77,0fAbfDiuQiUwV7FUcFfRGY,Mine - POP Mix,Taylor Swift,2010,10/25/10,45,230333,0.0072857212019328335,0.6661157024793388,0.7271634615384616,0.7049290264893261,0.37768997135495375,1,7,1588535,206132,2010,0.8597477919621105,0.8069819797889213,0.8465550705412055
78,2ythurkTtSiyfK7GprJoFW,Better Than Revenge,Taylor Swift,2010,10/25/10,48,217160,0.014115119133336011,0.3702479338842976,0.9603365384615385,0.6557505309042138,0.5562536885894833,0,11,9758481,693184,2010,0.8460707549140907,0.7831954644891146,0.7971226910390504
79,62rlxI6g2PNaWsHoiRryto,Haunted - Acoustic Version,Taylor Swift,2010,10/25/10,45,217613,0.867120311741929,0.4479338842975206,0.39062500000000006,0.29585335866770984,0.08944739531603113,1,5,962658,135117,2010,0.6134487834540773,0.6457470707492561,0.6300089978404091
80,6OVJMTfXU9rbYI51AoEuLH,Back To December,Taylor Swift,2010,10/25/10,43,295107,0.1285564630517211,0.3884297520661158,0.6634615384615385,0.250027942327037,0.5279828993392925,1,2,10432539,822246,2010,0.8324378085593015,0.9007490279496948,0.8767402641347705
81,28M2gifMU282QBM3fKajIS,Haunted,Taylor Swift,2010,10/25/10,45,242080,0.08488127869402959,0.23801652892561986,1.0,0.339443388845423,0.673331318103957,1,5,6634459,497698,2010,0.7747086278113883,0.7679394272144305,0.7569505137934023
82,1wJL1A0QUHJPf2cm7tsrdw,Never Grow Up,Taylor Swift,2010,10/25/10,47,290467,0.843428584378087,0.6975206611570248,0.2247596153846154,0.5652173913043479,0.4057520404197434,1,2,3382574,413706,2010,0.610029676223731,0.6343761483086432,0.6287418484533496
83,4h0EXpatqJImv4VRgvX6po,Last Kiss,Taylor Swift,2010,10/25/10,47,367133,0.5869398837869269,0.13057851239669424,0.2680288461538462,0.16508326813457025,0.14757236832635193,1,10,6045914,485632,2010,0.6195554680138993,0.6809061299639152,0.6500694904392238
84,2R7C9dDqv1UPycvepBFziA,Superman,Taylor Swift,2010,10/25/10,46,275960,0.027403087959143105,0.47933884297520657,0.7776442307692308,0.570805856711747,0.45665097666652266,1,7,1912461,221003,2010,0.916726115816612,0.8665613691889223,0.8966553665773138
85,7hZuICN5eaCuQyp443RCt6,Dear John,Taylor Swift,2010,10/25/10,46,403920,0.1707895422655266,0.4909090909090909,0.4230769230769231,0.06002011847546663,0.36599444372471956,1,4,6443675,532235,2010,0.7266200521150916,0.8181903855770843,0.796178383029031
86,1P5QpwOgXJuoVTm3CWbnLY,Today Was A Fairytale - US Version,Taylor Swift,2010,1/1/10,45,241813,0.029051208123584294,0.31900826446280994,0.7199519230769231,0.3439141611713423,0.6442472398554792,1,7,65199,15506,2010,0.8172110596794563,0.8467045550129926,0.8363116937127493
87,6XDBA3QWX51lDJ0oZbaJJN,Long Live,Taylor Swift,2010,10/25/10,47,317947,0.03687977890467994,0.20826446280991737,0.6754807692307693,0.10472784173465964,0.975882022714514,1,7,5758394,484454,2010,0.636981341952383,0.6857104622326272,0.6630273622702985
88,5yEPktRqvIhko5QFF3aBhQ,Mean,Taylor Swift,2010,10/25/10,63,237733,0.4653910216593892,0.45619834710743795,0.7728365384615385,0.827875265452107,0.686905327402801,1,4,6643290,681785,2010,0.7856135688001902,0.7367546201533871,0.7414554104838686
89,0dBW6ZsW8skfvoRfgeerBF,Mine,Taylor Swift,2010,10/25/10,62,230707,0.0025267742271088984,0.5487603305785125,0.7680288461538463,0.6814574717782498,0.3781146089735284,1,7,7905352,712738,2010,0.8913253408523906,0.824828618931071,0.863456820147192
90,3DrjZArsPsoqbLzUZZV1Id,Back To December,Taylor Swift,2010,10/25/10,61,293027,0.12031586222951517,0.39173553719008275,0.6634615384615385,0.2656756454677545,0.5279828993392925,1,2,10432539,822246,2010,0.8378538255569652,0.9083103501299937,0.8820015239345456
91,3kfgJql90tzgoxByioAMXR,Innocent,Taylor Swift,2010,10/25/10,47,302253,0.19139104432104145,0.4297520661157026,0.5889423076923077,0.1360232480160948,0.4715348850599531,0,1,3505439,381127,2010,0.7884159151864429,0.8774265613350155,0.8460794703359997
92,4pFvEWbjBpPUdYRQly0THs,Today Was A Fairytale,Taylor Swift,2011,2/15/11,52,242480,0.031420380859968504,0.32892561983471075,0.703125,0.3305018441935844,0.6438226022369046,1,7,1234114,156777,2010,0.814984576913671,0.8562363090373395,0.8384748057992739
93,1x0J8LFX23d5h1zzuzZorc,Stay Stay Stay,Taylor Swift,2012,10/22/12,53,204827,0.3160301317569064,0.7223140495867769,0.7572115384615385,0.9832346037778027,0.2263318507002921,1,0,2624334,317577,2010,0.763141463241928,0.6882294207755841,0.7214166243414479
94,5AsmAjBSSQjRPWgAYIp8tm,The Moment I Knew,Taylor Swift,2012,10/22/12,50,285560,0.1924211194238172,0.5421487603305786,0.46634615384615385,0.2533810215714765,0.41370499920830267,1,7,1696971,196233,2010,0.8036539297332175,0.8910109459341027,0.8769171668648228
95,5zyCYmiaVE5y26EZuwZbsw,State Of Grace,Taylor Swift,2012,10/22/12,53,295187,0.0,0.48925619834710743,0.8497596153846154,0.3897395775120152,0.44215571965280465,1,4,4390278,380314,2010,0.8717912448612701,0.8647370437481231,0.8778079553110167
96,7wjbSn8QHsxqKXU5M0jXGM,Eyes Open,Taylor Swift,2012,1/1/12,50,244587,0.006667676140267386,0.5057851239669422,0.7283653846153846,0.2802056555269923,0.4936016467302904,1,7,1357886,195463,2010,0.8367073968808271,0.8815635449314697,0.8804090032090698
97,4XMP3zVxrnr58T0tjIHvpR,All Too Well,Taylor Swift,2012,10/22/12,47,327893,0.03914594413078657,0.512396694214876,0.5901442307692308,0.3226779926232257,0.17651969886715316,1,0,7722795,545968,2010,0.8204962790916492,0.858717113126191,0.870524950654856
98,31pEV5lPJi7btskZoUr2yu,I Almost Do,Taylor Swift,2012,10/22/12,53,242573,0.017617374482773538,0.45454545454545453,0.4362980769230769,0.2064379121493238,0.5565703674914713,1,4,2920141,321803,2010,0.7560517209694191,0.8397437256981867,0.8231023709340826
99,5QKhg4r4Ibt0LVTmWEXTEg,Sad Beautiful Tragic,Taylor Swift,2012,10/22/12,50,283680,0.650804540159023,0.5487603305785125,0.26682692307692313,0.23773331843075893,0.4422924673604812,1,7,2435089,283874,2010,0.6627328779760597,0.7264577232893464,0.7054154288338988
100,6cf6rLb8qcklvJv90W6HCW,Girl At Home,Taylor Swift,2012,10/22/12,47,220320,0.2799775031597554,0.7289256198347108,0.5673076923076923,0.653515144741254,0.4067452606123418,1,5,1296570,187360,2010,0.8428398519571484,0.8259003403141447,0.8532231599210724
101,0L4YCNRfXAoTvdpWeH2RGj,Begin Again,Taylor Swift,2012,10/22/12,55,237613,0.2047820206571261,0.3933884297520662,0.4903846153846154,0.3070302894825081,0.07550632638079198,1,7,4302928,404462,2010,0.7796083878179743,0.8251099562141131,0.8190672239654485
102,7gdwoOmi258QJq0hmQ4hto,Everything Has Changed,Taylor Swift,2012,10/22/12,54,243933,0.3706241122040208,0.5487603305785125,0.4086538461538462,0.4333296076897284,0.0826459961710641,1,6,3160840,451730,2010,0.7666769702511551,0.8002245842120159,0.8002473884501206
103,0vqI4ZIMuifeKeItGiWbPj,Starlight,Taylor Swift,2012,10/22/12,50,217827,0.021737674893876513,0.5900826446280992,0.7920673076923078,0.6021012629931821,0.41372659095162007,1,9,2407230,279954,2010,0.899640166816686,0.8447531375347479,0.882216497284932
104,3r9bgSJlJz2zlevcBRYXko,Both of Us (feat. Taylor Swift),Taylor Swift,2012,4/27/12,57,216120,0.021737674893876513,0.6363636363636365,0.7259615384615384,0.0,0.40705474226655713,1,7,810,73,2010,0.7227318004720655,0.783369214808376,0.7763612827095479
105,5G9AVKld9q7DCrmoY42raf,State Of Grace - Acoustic Version,Taylor Swift,2012,10/22/12,48,323080,0.6837669434478468,0.5520661157024794,0.0,0.022242092321448526,0.2667515941903815,1,7,404744,61457,2010,0.5235089643728866,0.6005511774318817,0.5767123893000266
106,7vvIpJZye5cRR6De1LKM0m,The Last Time,Taylor Swift,2012,10/22/12,53,298293,0.0358497038019042,0.35206611570247937,0.39062500000000006,0.08349167318654296,0.18378172186955705,1,2,1877524,241665,2010,0.69958546862486,0.779084134332606,0.7594495990138055
107,2wtHlpYSgC7xEdD3DrSHNL,The Lucky One,Taylor Swift,2012,10/22/12,50,240133,0.038012861517733254,0.684297520661157,0.45793269230769235,0.5551581535710295,0.35556563170243694,1,4,2472162,293795,2010,0.8164352521937376,0.8358035029793758,0.863393932219787
108,3bIxTsfeNMO7Nt2J3EUKrA,22,Taylor Swift,2012,10/22/12,60,230133,0.002011736675721027,0.6049586776859505,0.734375,0.692634402593048,0.2553079702321832,1,7,8049052,900587,2010,0.8638416217169348,0.8052619516791781,0.846148158035161
109,0z9UVN8VBHJ9HdfYsOuuNf,Safe & Sound - from The Hunger Games Soundtrack,Taylor Swift,2012,1/1/12,66,240067,0.9093533909557346,0.2975206611570248,0.21875,0.269028724712194,0.5454290279397158,1,7,,,2010,0.5660061846981163,0.6196586415279706,0.5894026374146656
110,4mqgn90sCeVSYqcoftTQTd,Red - Original Demo Recording,Taylor Swift,2012,10/22/12,45,226280,0.11619556181841219,0.63801652892562,0.9423076923076924,0.6579859170671734,0.4063853982237192,0,1,445166,102252,2010,0.874480437277992,0.7921718165711197,0.8283732911938956
111,1RvQQGwaPipiNgz8RXAKA8,Red,Taylor Swift,2012,10/22/12,58,220827,0.07942188064931814,0.512396694214876,0.935096153846154,0.6624566893930927,0.4062414532682701,0,1,7376945,631584,2010,0.8940467394104533,0.8051265213273817,0.8368804965885799
112,2ULNeSomDxVNmdDy8VxEBU,22,Taylor Swift,2012,10/22/12,58,230133,0.002011736675721027,0.6049586776859505,0.734375,0.692634402593048,0.2553079702321832,1,7,8049052,900587,2010,0.8638416217169348,0.8073735431191716,0.846148158035161
113,6ce41JVa6KFaryfmC2bu2W,22,Taylor Swift,2012,10/22/12,70,232120,0.002011736675721027,0.609917355371901,0.734375,0.692634402593048,0.2551640252767341,1,7,8049052,900587,2010,0.8627622862259747,0.8083187925290857,0.8454892854883986
114,4yBEU0askBZzE2XEVdEwmx,Red,Taylor Swift,2012,10/22/12,64,223093,0.07942188064931814,0.512396694214876,0.935096153846154,0.6624566893930927,0.4062414532682701,0,1,7376945,631584,2010,0.8940467394104533,0.8095232079157346,0.8368804965885799
115,1OYARuagDrpgNNQ4loO1Cs,We Are Never Ever Getting Back Together,Taylor Swift,2012,10/22/12,58,191880,0.009654893938317043,0.5553719008264464,0.670673076923077,0.7842852352743936,0.12559197362928406,1,7,11602166,1200554,2010,0.8166847048490473,0.7673516343381481,0.7966881546199845
116,4NAmRvqSITAAzKWnC8yRq3,Everything Has Changed,Taylor Swift,2012,10/22/12,59,243933,0.3706241122040208,0.5487603305785125,0.4086538461538462,0.4333296076897284,0.0826459961710641,1,6,3160840,451730,2010,0.7666769702511551,0.8054280113716294,0.8002473884501206
117,4qyalTRMRH5YuEntvvMvq0,Come Back...Be Here,Taylor Swift,2012,10/22/12,51,222707,0.00464872893882693,0.315702479338843,0.5168269230769231,0.1885548228456466,0.08199104662377103,1,4,591024,58154,2010,0.7335275551479679,0.7873733931067846,0.7770917572704725
118,7AEAGTc8cReDqcbPoY9gwo,We Are Never Ever Getting Back Together,Taylor Swift,2012,10/22/12,64,191880,0.009654893938317043,0.5553719008264464,0.670673076923077,0.7842852352743936,0.12559197362928406,1,7,11602166,1200554,2010,0.8166847048490473,0.7700262877342425,0.7966881546199845
119,0XfOV7qY3834QpFVwOb6CC,Treacherous,Taylor Swift,2012,10/22/12,52,240773,0.10383466058510327,0.6826446280991736,0.6045673076923077,0.38750419134905556,0.29839069539807966,1,2,3497494,341924,2010,0.843716764853605,0.8851435820702935,0.9006880042476231
120,0VwNdo84DaVYLIkbVO86ND,We Are Never Ever Getting Back Together,Taylor Swift,2012,10/22/12,75,193147,0.009654893938317043,0.5553719008264464,0.670673076923077,0.7842852352743936,0.12559197362928406,1,7,11602166,1200554,2010,0.8166847048490473,0.7723563787328471,0.7966881546199845
121,1q3RiD1tIWUpGsNFADMlvl,All Too Well,Taylor Swift,2012,10/22/12,61,327893,0.03914594413078657,0.512396694214876,0.5901442307692308,0.3226779926232257,0.17651969886715316,1,0,7722795,545968,2010,0.8204962790916492,0.8705528929848954,0.870524950654856
122,6FB3v4YcR57y4tXFcdxI1E,I Knew You Were Trouble.,Taylor Swift,2012,10/22/12,77,219720,0.004473616171355053,0.5454545454545455,0.421875,0.7049290264893261,0.06106864734925364,0,3,10739163,1185612,2010,0.7611530063877814,0.7636846146598416,0.7761818453134369
123,72jCZdH0Lhg93z6Z4hBjgj,I Knew You Were Trouble.,Taylor Swift,2012,10/22/12,66,217973,0.004473616171355053,0.5454545454545455,0.421875,0.7049290264893261,0.06106864734925364,0,3,10739163,1185612,2010,0.7611530063877814,0.76560587795529,0.7761818453134369
124,7HH8rEmkK5JENnv869MDCz,All Too Well,Taylor Swift,2012,10/22/12,53,329160,0.03914594413078657,0.512396694214876,0.5901442307692308,0.3226779926232257,0.17651969886715316,1,0,7722795,545968,2010,0.8204962790916492,0.87373041423577,0.870524950654856
125,48A0aShHlovDfTMucMrE66,Begin Again,Taylor Swift,2012,10/22/12,52,237613,0.2047820206571261,0.3933884297520662,0.4903846153846154,0.3070302894825081,0.07550632638079198,1,7,4302928,404462,2010,0.7796083878179743,0.8371205417937824,0.8190672239654485
126,5d2Kn9oAAh9S2EbyCo1i52,Holy Ground,Taylor Swift,2012,10/22/12,52,201853,0.01648429186972022,0.5537190082644629,0.8389423076923077,0.6702805409634515,0.6370212030919377,1,4,3537218,325724,2010,0.8446094945432143,0.7934199758699582,0.8183336183740395
127,7BT9K9BDqq6HI2oWH5UMZQ,Treacherous - Original Demo Recording,Taylor Swift,2012,10/22/12,45,239720,0.18006021819050827,0.8859504132231406,0.6274038461538463,0.526098133452554,0.29839069539807966,1,2,492762,105902,2010,0.7964205045995906,0.8046800782203866,0.8227953712466698
128,3Z1kZKYfRC8iRXnYeC5sCJ,Everything Has Changed,Taylor Swift,2012,10/22/12,66,245413,0.3706241122040208,0.5487603305785125,0.4086538461538462,0.4333296076897284,0.08263879892329172,1,6,3160840,451730,2010,0.7666750949238466,0.8122894496922407,0.8002451381272632
129,0ciHz919LVKoH4zgxyMPZ9,I Knew You Were Trouble.,Taylor Swift,2012,10/22/12,58,217973,0.004473616171355053,0.5454545454545455,0.421875,0.7049290264893261,0.06106864734925364,0,3,10739163,1185612,2010,0.7611530063877814,0.7699378492726652,0.7761818453134369
130,0cITLOYn1Sv4q27zZPqlNK,Red,Taylor Swift,2012,10/22/12,58,220827,0.07942188064931814,0.512396694214876,0.935096153846154,0.6624566893930927,0.4062414532682701,0,1,7376945,631584,2010,0.8940467394104533,0.8142045215009057,0.8368804965885799
131,4wFUdSCer8bdQsrp1M90sa,Highway Don't Care,Taylor Swift,2013,1/1/13,66,276880,0.022046697424709237,0.29421487603305785,0.8076923076923078,0.49927349949703814,0.6443480013242936,1,2,2621,684,2010,0.8372336994042997,0.8151930221490826,0.8233830465837172
132,4D7kxLhSz7siCOw7KA5rQn,Style,Taylor Swift,2014,10/27/14,56,231000,0.0023207592065537497,0.48925619834710743,0.8088942307692308,0.49033195484519954,0.19000014394495546,1,7,33463163,1566818,2010,0.8689685626215017,0.8510710413762907,0.8617228063678907
133,1B5VzXPqMlvRw0U4HJY3dJ,I Wish You Would,Taylor Swift,2014,10/27/14,51,207440,0.016072261828609928,0.5966942148760331,0.9314903846153847,0.5193919749636751,0.35627096198413716,1,0,8784356,608298,2010,0.8710605258128993,0.828056225313243,0.8477872558804306
134,6wfugRLamFsTRbPcCpNnP7,How You Get The Girl,Taylor Swift,2014,10/27/14,52,247533,0.0035465485788568844,0.7818181818181819,0.6466346153846154,0.5551581535710295,0.3703919621136877,1,5,8357884,617463,2010,0.8247067519579758,0.8307022508619032,0.8515362855317046
135,0yN4fNzmVnmgC0dsOoi9Wh,Bad Blood,Taylor Swift,2014,10/27/14,52,211933,0.09095872180040647,0.5851239669421489,0.8125000000000001,0.26679333854923437,0.7318305479984454,1,7,14113890,1163734,2010,0.7816938921809766,0.7989720789548802,0.8063074029604907
136,4A2LfnduSTsE8u0ecYROxE,You Are In Love,Taylor Swift,2014,10/27/14,54,267107,0.7280601728672037,0.30082644628099175,0.43509615384615385,0.3025595171565888,0.731060442486793,1,2,7752410,503342,2010,0.6529972930896815,0.6830120792067295,0.6700690106804861
137,6iWMI5oOhWrDbLbjmwTWFq,Wonderland,Taylor Swift,2014,10/27/14,53,245560,0.05057977777159732,0.21487603305785125,0.6899038461538461,0.16620096121605007,0.8311381727627355,1,3,7851364,519925,2010,0.7011999182969132,0.733469769866373,0.7261350862444711
138,6Nde5KuTXyB7jlPO4upaBo,Out Of The Woods,Taylor Swift,2014,10/27/14,55,235800,0.0005624210061155559,0.4314049586776861,0.8689903846153846,0.3237956857047055,0.1689481942105338,1,7,14595417,794730,2010,0.8222629855826545,0.8249662060244025,0.8267018268770946
139,4dYUOfmWna6DFccnz732n8,How You Get The Girl,Taylor Swift,2014,10/27/14,53,247533,0.00456632293060487,0.7801652892561984,0.6502403846153847,0.532804291941433,0.3702840033971009,1,5,8357884,617463,2010,0.8254186728112027,0.8339702585128461,0.85504997855035
140,06WgOCf0LV2h4keYXDRnuh,Clean,Taylor Swift,2014,10/27/14,52,271000,0.24907525007648307,0.856198347107438,0.3149038461538462,0.18184866435676764,0.25512084179009936,1,4,10502092,617145,2010,0.6765915357691044,0.7467445964484616,0.7421110363222647
141,2zfgVd034GlUvk7LqBHl6u,I Know Places,Taylor Swift,2014,10/27/14,51,195707,0.2521654753848103,0.512396694214876,0.765625,0.49927349949703814,0.6580515610830417,1,0,8432167,570899,2010,0.870668082716395,0.8551961275628386,0.8633773239771252
142,4bXCcoesMt8u99xMsbLr9U,Clean,Taylor Swift,2014,10/27/14,55,271000,0.23877449904872566,0.8644628099173552,0.3112980769230769,0.18184866435676764,0.25504167206460243,1,4,10502092,617145,2010,0.6738526153616243,0.7452000805297063,0.739580332968431
143,1CiVz2WkmZRwhU3A6J2Gjz,Shake It Off,Taylor Swift,2014,10/27/14,63,219200,0.06644293435434377,0.5867768595041323,0.8197115384615385,0.9988823069185202,0.6588648500813289,1,7,18636528,1605840,2010,0.75627607418735,0.6927203278678349,0.7136293280685619
144,273dCMFseLcVsoSWx59IoE,Bad Blood,Taylor Swift,2014,10/27/14,65,211933,0.08951661665652043,0.5950413223140497,0.8221153846153847,0.275734883201073,0.7314059103798707,1,7,14113890,1163734,2010,0.7824610158760007,0.8014132714600708,0.8055269015627882
145,59HjlYCeBsxdI0fcm3zglw,Wildest Dreams,Taylor Swift,2014,10/27/14,69,220440,0.07282939999155338,0.4314049586776861,0.6562500000000001,0.467978093215603,0.5147903441723884,1,8,15496943,1220245,2010,0.8959818163880244,0.9190857678082534,0.9242323529398988
146,5xTtaWoae3wi06K5WfVUUH,Shake It Off,Taylor Swift,2014,10/27/14,70,219200,0.05758428847047238,0.5884297520661158,0.8016826923076924,1.0,0.6584474097105267,1,7,18636528,1605840,2010,0.755532916624124,0.6964872007329009,0.7146359368031809
147,1p80LdxRV74UKvL8gnD7ky,Blank Space,Taylor Swift,2014,10/27/14,71,231827,0.08735345894069137,0.7603305785123967,0.6730769230769231,0.5976304906672627,0.19774438254811355,1,5,27853098,1804824,2010,0.8293705593876701,0.8241906421515506,0.8396597071561146
148,5OndtwLGA9O6XHFcGm2H7r,Out Of The Woods,Taylor Swift,2014,10/27/14,60,235800,0.0008580525606121944,0.4297520661157026,0.8689903846153846,0.3282664580306248,0.16884023549394703,1,7,14595417,794730,2010,0.8234581328847446,0.8249344066618547,0.8272486581812541
149,6qnM0XXPZOINWA778uNqQ9,Welcome To New York,Taylor Swift,2014,10/27/14,59,212600,0.038939929110231426,0.8280991735537192,0.6201923076923077,0.6333966692746172,0.34898734723841596,1,7,8458353,696810,2010,0.8076156629552723,0.8099433119104984,0.8259334719758186
150,3ScVaMDQwaD8iumBYzcDvr,Wildest Dreams,Taylor Swift,2014,10/27/14,53,220440,0.07107827231683461,0.42644628099173565,0.6850961538461539,0.46574270705264337,0.514336917562724,1,8,15496943,1220245,2010,0.9000649347299869,0.9167418341887266,0.9212057298219934
151,1kHEuJRasudLhjvnbfc4yS,Blank Space,Taylor Swift,2014,10/27/14,62,231827,0.10589481079065474,0.7735537190082645,0.703125,0.583100480608025,0.19765801557484414,1,5,27853098,1804824,2010,0.8298490782376415,0.8248590658641893,0.8378105414147963
152,106R7Z57WYzBAfrXImV30y,Wildest Dreams,Taylor Swift,2014,10/27/14,55,220440,0.07107827231683461,0.42644628099173565,0.6850961538461539,0.46574270705264337,0.514336917562724,1,8,15496943,1220245,2010,0.9000649347299869,0.9169002816654465,0.9212057298219934
153,0dAb8TY433dl3ZfXYCLE19,All You Had To Do Was Stay,Taylor Swift,2014,10/27/14,58,193293,0.0018160224061936356,0.512396694214876,0.7415865384615384,0.4735665586230021,0.20465374040966725,1,5,10267812,668223,2010,0.8708983330470763,0.8735096358209384,0.880500565555723
154,3jBMHD19RZdAqG9iFQh7xc,I Know Places,Taylor Swift,2014,10/27/14,50,195707,0.2377444239459499,0.5008264462809917,0.7752403846153847,0.512685816474796,0.6580083775964071,1,0,8432167,570899,2010,0.8736863307069554,0.8568473308222084,0.8623635580732427
155,2sC2P3BN0IXujNaaSyDmtP,Blank Space,Taylor Swift,2014,10/27/14,58,231827,0.10589481079065474,0.7735537190082645,0.703125,0.583100480608025,0.19765801557484414,1,5,27853098,1804824,2010,0.8298490782376415,0.8261121188379431,0.8378105414147963
156,4lIxdJw6W3Fg4vUIYCB0S5,Style,Taylor Swift,2014,10/27/14,64,231000,0.0024340674678590816,0.5057851239669422,0.8028846153846154,0.45568346931932496,0.19063350174893115,1,2,33463163,1566818,2010,0.8638511784435471,0.8590291585514257,0.8644958996997736
157,6rZVy6FIG7lSJQMFXHo12z,New Romantics,Taylor Swift,2014,10/27/14,57,230467,0.00456632293060487,0.5636363636363637,0.9266826923076924,0.5987481837487426,0.38449137049992077,1,5,14543058,745298,2010,0.8767716316415343,0.828719421422926,0.8406477151719761
158,1fo2ctLqj3zBhRQKOXprol,Style,Taylor Swift,2014,10/27/14,56,231000,0.0023207592065537497,0.48925619834710743,0.8088942307692308,0.49033195484519954,0.19000014394495546,1,7,33463163,1566818,2010,0.8689685626215017,0.8571438260558389,0.8617228063678907
159,1kTPQnabROVkW9bUXdCGrB,This Love,Taylor Swift,2014,10/27/14,51,250093,0.6981879948867072,0.31239669421487604,0.3810096153846154,0.06560858388286576,0.5427876380072258,1,4,5181495,503140,2010,0.6276849467986088,0.6730386415010312,0.6623428588485737
160,0lmMtDQ2ElasKU2qDAE6NN,All You Had To Do Was Stay,Taylor Swift,2014,10/27/14,51,193293,0.001867526161332423,0.5173553719008265,0.7295673076923077,0.5484519950821505,0.20466093765743973,1,5,10267812,668223,2010,0.8766181081818313,0.8676973709583417,0.8754223717426218
161,3oKMl2tJv4fdidkXUYMI5x,This Love,Taylor Swift,2014,10/27/14,51,250093,0.6538947654673503,0.31900826446280994,0.4098557692307693,0.04191349055549346,0.02480891307164132,1,4,5181495,503140,2010,0.6105091605953763,0.6546760621262909,0.6417567903156087
162,3wmN11qXGL0HyPojvEE1D9,I Wish You Would,Taylor Swift,2014,10/27/14,51,207440,0.016278276849165073,0.5900826446280992,0.9375000000000001,0.5082150441488767,0.3562133840019576,1,0,8784356,608298,2010,0.8699372057728233,0.83636408124343,0.8471396107369515
163,3fthfkkvy9av3q3uAGVf7U,Shake It Off,Taylor Swift,2014,10/27/14,57,219200,0.06644293435434377,0.5867768595041323,0.8197115384615385,0.9988823069185202,0.6588648500813289,1,7,18636528,1605840,2010,0.75627607418735,0.6990262851491318,0.7136293280685619
164,33Kq0AT5rvwyE4azisG08x,Welcome To New York,Taylor Swift,2014,10/27/14,51,212600,0.03564368878134904,0.8214876033057852,0.6201923076923077,0.6814574717782498,0.34876423255746997,1,7,8458353,696810,2010,0.8050336949925008,0.8042108476542158,0.8169338885350027
165,6xsEAm6w9oMQYYg3jkEkMT,Bad Blood,Taylor Swift,2015,5/17/15,65,200107,0.030081283226360035,0.5983471074380167,0.6454326923076924,0.1930255951715659,0.731427502123188,0,11,14113890,1163734,2015,0.7474313705925604,0.7961395036893242,0.810346584676945
166,7I7JbDv63ZJJsSi24DyJrz,Dancing With Our Hands Tied,Taylor Swift,2017,11/10/17,65,211507,0.06201361141240808,0.5487603305785125,0.688701923076923,0.26344025930479487,0.6584761987016164,0,0,15540141,675618,2015,0.801339089892506,0.8460268070484909,0.8443620139649699
167,1R0a2iXumgCiFb7HEZ7gUE,Don’t Blame Me,Taylor Swift,2017,11/10/17,66,236413,0.10898503609898197,0.5338842975206611,0.5000000000000001,0.16173018889013077,0.48497214665112054,0,9,26527415,1245439,2015,0.7739558812560797,0.8541009442349123,0.8796291079543027
168,6oVxXO5oQ4pTpO8RSnkzvv,Dress,Taylor Swift,2017,11/10/17,64,230373,0.03368654608607513,0.7057851239669422,0.421875,0.04113110539845758,0.37102531991766335,1,0,18869848,788219,2015,0.6906255335166379,0.7711164339158514,0.8090270854830398
169,7F5oktn5YOsR9eR5YsFtqb,New Year’s Day,Taylor Swift,2017,11/10/17,63,235467,0.9484962448612129,0.609917355371901,0.03966346153846154,0.20308483290488433,0.18992097421945842,1,0,12008576,590183,2015,0.49458579598047725,0.5385683291439235,0.5879927630701431
170,07NxDD1iKCHbAldceD7QLP,This Is Why We Can't Have Nice Things,Taylor Swift,2017,11/10/17,64,207133,0.015866246808054776,0.45454545454545453,0.8064903846153847,0.4355649938526881,0.6868045659339869,1,5,8836188,535163,2015,0.8310792021818635,0.8296202948585272,0.7948173997498931
171,7HuBDWi18s4aJM8UFnNheH,King Of My Heart,Taylor Swift,2017,11/10/17,65,214320,0.008882337611235237,0.6330578512396695,0.703125,0.2969710517491897,0.29851304861021144,1,0,15358812,662735,2015,0.8273586985282373,0.8763172150602143,0.8579674770617062
172,1JbR9RDP3ogVNEWFgNXAjh,Look What You Made Me Do,Taylor Swift,2017,11/10/17,65,211853,0.20993239617100481,0.7834710743801654,0.7103365384615384,0.5115681233933163,0.4284953433806911,0,9,23029957,1224261,2015,0.851243069242719,0.8604868049824478,0.8736964865473882
173,5PxFv9yJEg9dxvbZggykro,So It Goes...,Taylor Swift,2017,11/10/17,62,227907,0.12546623774339388,0.4661157024793388,0.5913461538461539,0.36403263663797925,0.046227922442457915,1,2,12073190,601304,2015,0.8043327973333672,0.8393769862007334,0.811580953995491
174,2y5aJvzXhHPA94U5GFAcXe,I Don’t Wanna Live Forever (Fifty Shades Darker),Taylor Swift,2017,2/10/17,70,245653,0.06098353630963234,0.7305785123966942,0.3894230769230769,0.05476696099251145,0.3557815491356105,1,0,48721,7448,2015,0.6860937266691463,0.7695891565724454,0.8104370693503498
175,55n9yjI6qqXh5F2mYvUc2y,I Don’t Wanna Live Forever (Fifty Shades Darker),Taylor Swift,2017,11/9/17,78,247160,0.06015947622741174,0.7256198347107439,0.3930288461538462,0.06449089080138594,0.35580314087892784,1,0,48721,7448,2015,0.6908915371180462,0.7757144866621748,0.8148425971158734
176,4svZDCRz4cJoneBpjpx8DJ,I Did Something Bad,Taylor Swift,2017,11/10/17,69,238253,0.06973917468322616,0.6677685950413222,0.5817307692307693,0.28691181401587124,0.10403621655079096,0,0,17299473,835713,2015,0.7766754319800973,0.832348585951511,0.8294571074608802
177,0VE4kBnHJUgtMf0dy6DRmW,Getaway Car,Taylor Swift,2017,11/10/17,69,233627,0.004586924432660385,0.4462809917355373,0.6862980769230769,0.3383256957639432,0.7450590894042117,1,2,26166250,971339,2015,0.7882393615865829,0.8164882723789287,0.7995197981089354
178,1ZY1PqizIl78geGM4xWlEA,Gorgeous,Taylor Swift,2017,11/10/17,70,209680,0.07324143003266369,0.8396694214876034,0.5012019230769231,0.4500950039119258,0.16908494191821044,1,7,15735372,828556,2015,0.7604639234494212,0.8049530845193024,0.8235227957174939
179,2x0WlnmfG39ZuDmstl9xfX,End Game,Taylor Swift,2017,11/10/17,70,244827,0.00850120982320821,0.5900826446280992,0.5661057692307693,0.11478707946797809,0.6516316160700149,1,2,13727015,760531,2015,0.7297262766747215,0.7997823030880412,0.8145575892657182
180,2yLa0QULdQr0qAIvVwN6B5,...Ready For It?,Taylor Swift,2017,11/10/17,71,208187,0.05408203312103485,0.5305785123966943,0.7764423076923077,0.41209343914161173,0.6584114234716643,1,2,21538142,988696,2015,0.842863613789973,0.853691979954176,0.8282203491690839
181,1GwMQaZz6Au3QLDbjbMdme,Call It What You Want,Taylor Swift,2017,11/10/17,68,203507,0.19139104432104145,0.5057851239669422,0.4639423076923077,0.2276740806974405,0.6867613824473521,1,9,20451140,766621,2015,0.7567497107007471,0.8255427776423766,0.8533135397130736
182,1P17dC1amhFzptugyAO7Il,Look What You Made Me Do,Taylor Swift,2017,11/10/17,74,211853,0.20993239617100481,0.7834710743801654,0.7103365384615384,0.5115681233933163,0.4284953433806911,0,9,23029957,1224261,2015,0.851243069242719,0.8617795911290402,0.8736964865473882
183,6NFyWDv5CjfwuzoCkw47Xf,Delicate,Taylor Swift,2017,11/10/17,77,232253,0.22229329740431375,0.7570247933884298,0.34375000000000006,0.0017883089303677182,0.19080623569547,0,9,26285675,1094479,2015,0.6479091054869794,0.7305518050983585,0.7715885863749469
184,7fRruZ12gXGwBs0zXQ6e5V,Babe,Taylor Swift,2018,6/8/18,65,215107,0.019059479626659583,0.40165289256198355,0.7920673076923078,0.6881636302671287,0.7426552086482129,1,4,12421,1612,2015,0.8111911090859237,0.773362825615312,0.7373225004596266
185,4y5bvROuBDPr5fuwXbIBZR,Paper Rings,Taylor Swift,2019,8/23/19,72,222400,0.01308504403056027,0.8578512396694217,0.7223557692307693,0.9128199396445736,0.2551064472945545,1,9,17513967,927391,2015,0.7433859917161146,0.7100797808130709,0.6959289718897985
186,3pHkh7d0lzM2AldUtz2x37,The Archer,Taylor Swift,2019,8/23/19,73,211240,0.12340608753784238,0.0,0.548076923076923,0.13155247569017547,0.40167839818053563,1,0,19627629,802268,2015,0.6983621203782152,0.734832932283416,0.7047307033603825
187,3i9UVldZOE0aD0JnyfAZZ0,Lover (Remix) [feat. Shawn Mendes],Taylor Swift,2019,11/13/19,77,221307,0.44581959470665006,0.25785123966942153,0.5829326923076923,0.41768190454901083,0.9841372659095161,1,7,1895327,268819,2015,0.6792372138111749,0.6870110767044593,0.6911047547899816
188,1fzAuUVbzlhZ1lJAx9PtY6,Daylight,Taylor Swift,2019,8/23/19,69,293453,0.8320977582475539,0.43801652892562,0.45432692307692313,0.24220409075667823,0.5862086338184278,1,0,17860474,792836,2015,0.641644507066994,0.6708289262324141,0.7048508468026414
189,1BxfuPKGuaTgP7aM0Bbdwr,Cruel Summer,Taylor Swift,2019,8/23/19,75,178427,0.12031586222951517,0.4297520661157026,0.7019230769230769,0.5763943221191461,0.730232758992961,1,9,48707002,1674689,2015,0.8394165637398366,0.8272704413286757,0.8001421460802493
190,5hQSXkFgbxjZo9uCwd11so,False God,Taylor Swift,2019,8/23/19,69,200307,0.7579323508477003,0.7388429752066116,0.24278846153846156,0.3383256957639432,0.08230772552575889,0,11,16921095,708959,2015,0.599024956562834,0.6381430760987234,0.683047848374739
191,3RauEVgRgj1IuWdJ9fDs70,The Man,Taylor Swift,2019,8/23/19,82,190360,0.07880383558765269,0.8016528925619836,0.6490384615384616,0.653515144741254,0.2987865440255646,1,0,18415925,959409,2015,0.8226121107721095,0.8196145549741309,0.816828325662117
192,1SmiQ65iSAbPto6gPFlBYm,It’s Nice To Have A Friend,Taylor Swift,2019,8/23/19,66,150440,1.0,0.7355371900826446,0.06850961538461538,0.5551581535710295,0.0106087432165939,1,10,6552525,475884,2015,0.4823758191624826,0.5073019171164901,0.5456393688552564
193,2YWtcWi3a83pdEg3Gif4Pd,I Think He Knows,Taylor Swift,2019,8/23/19,71,173387,0.008954442868429538,1.0,0.2980769230769231,0.4109757460601319,0.2264901901512861,1,0,13110929,641813,2015,0.6565005657342153,0.7149135425484368,0.7509660010393271
194,1LLXZFeAHK9R4xUramtUKw,London Boy,Taylor Swift,2019,8/23/19,71,190240,0.025136922733036467,0.6661157024793388,0.7115384615384616,0.5685704705487874,0.6433691756272402,1,1,12186296,666521,2015,0.8327017306216404,0.8330910713701583,0.8211089664161381
195,214nt20w5wOxJnY462klLw,Miss Americana & The Heartbreak Prince,Taylor Swift,2019,8/23/19,71,234147,0.028639178082473994,0.6115702479338844,0.7560096153846154,0.49033195484519954,0.5869643448345352,0,11,,,2015,0.8606804419605393,0.8650995446501163,0.8408639609218458
196,2dgFqt3w9xIQRjhPtwNk3D,Death By A Thousand Cuts,Taylor Swift,2019,8/23/19,70,198533,0.4674511718649407,0.6942148760330579,0.7379807692307693,0.29585335866770984,0.18379611636510193,1,4,14944336,638499,2015,0.7803489574243136,0.8042752370767936,0.8172946493842244
197,1SymEzIT3H8UZfibCs3TYi,Afterglow,Taylor Swift,2019,8/23/19,71,223293,0.1337068385655998,0.7669421487603306,0.3978365384615385,0.3919749636749749,0.30571749363043565,1,9,16438673,752726,2015,0.7690851841452832,0.8406131691996839,0.8791515401487592
198,12M5uqx0ZuwkpLp5rJim1a,Cornelia Street,Taylor Swift,2019,8/23/19,71,287267,0.8042857304726088,0.8793388429752067,0.608173076923077,0.2232033083715212,0.24094946092614178,1,0,14291737,675053,2015,0.6248035649365962,0.6570207448204359,0.6951945864784511
199,43rA71bccXFGD4C8GOpIlN,I Forgot That You Existed,Taylor Swift,2019,8/23/19,77,170640,0.3067594558319247,0.6148760330578513,0.23798076923076925,0.5506873812451102,0.17518820802924956,1,5,8660520,619375,2015,0.7337087517433701,0.7810293813530915,0.8047225571130674
200,2Rk4JlNc2TPmZe2af99d45,ME! (feat. Brendon Urie of Panic! At The Disco),Taylor Swift,2019,8/23/19,83,193000,0.03378955359635271,0.5256198347107438,0.8557692307692307,0.7596959874818375,0.8178088698881547,1,0,11669866,804000,2015,0.7706543073124179,0.7272058619644555,0.7022822624007447
201,1dGr1c8CrMLDpV6mPbImSI,Lover,Taylor Swift,2019,8/23/19,81,221307,0.5065940257704189,0.11074380165289258,0.5108173076923078,0.45233039007488546,0.0,1,7,27290002,1335509,2015,0.7018702883584004,0.7030979996691971,0.6827077782152118
202,6RRNNciQGZEXnqk8SQ9yv5,You Need To Calm Down,Taylor Swift,2019,8/23/19,83,171360,0.009366472909539835,0.7917355371900827,0.6646634615384617,0.7440482843411199,0.11869701026327524,1,2,15137583,906518,2015,0.773368654141375,0.7600122692172676,0.7429451148935162
203,4AYtqFyFbX0Xkc2wtcygTr,Soon You’ll Get Better (feat. Dixie Chicks),Taylor Swift,2019,8/23/19,69,201587,0.9340751934223525,0.23305785123966946,0.07692307692307693,0.41656421146753103,1.0,1,0,754367,79202,2015,0.45924479077200053,0.48755556845857684,0.5158728082048729
204,3oF7Or7T35yhQbGxbCGvRX,Death By A Thousand Cuts - Live From Paris,Taylor Swift,2020,5/17/20,65,199067,0.7332105483810825,0.4826446280991735,0.6454326923076924,0.6211020453783391,0.1677678455758517,1,4,1488739,163208,2020,0.7350778083642322,0.7198984227301234,0.8578867516117036
205,2slqvGLwzZZYsT4K4Y1GBC,Only The Young - Featured in Miss Americana,Taylor Swift,2020,1/31/20,73,157507,0.0023104584555259924,0.44297520661157036,0.795673076923077,0.6188666592153794,0.17980164385139122,0,5,2996633,269543,2020,0.8692853827800513,0.8243366621811514,0.781486321030813
206,3fGnrtrtL1IHSX9t4DKOYf,Cornelia Street - Live From Paris,Taylor Swift,2020,5/18/20,70,296013,0.5951804846091329,0.347107438016529,0.4134615384615385,0.28579412093439144,0.20548862115127164,1,11,2851753,218976,2020,0.7157331523046218,0.7583562196627887,0.8444792967060235
